-0.03263650, -0.00029954, -0.01835388
-0.03252451, -0.00064776, -0.01859500
-0.03277964, -0.00065893, -0.01913182
-0.03227379, -0.00079157, -0.01878719
-0.03232563, -0.00072249, -0.01853124
-0.03248354, -0.00078803, -0.01844796
-0.03271318, -0.00099243, -0.01844779
-0.03232948, -0.00094438, -0.01845354
-0.03244684, -0.00099019, -0.01846083
-0.03273017, -0.00085012, -0.01858044
-0.03277394, -0.00095153, -0.01863959
-0.03257319, -0.00107154, -0.01837861
-0.03265462, -0.00098829, -0.01822697
-0.03283835, -0.00114861, -0.01843550
-0.03244209, -0.00107201, -0.01848208
-0.03265894, -0.00114674, -0.01842268
-0.03285412, -0.00110829, -0.01816437
-0.03299499, -0.00114829, -0.01832851
-0.03270559, -0.00114939, -0.01855791
-0.03258068, -0.00110591, -0.01817108
-0.03258434, -0.00120909, -0.01813166
-0.03234643, -0.00130151, -0.01822038
-0.03218321, -0.00130658, -0.01862768
-0.03230399, -0.00134127, -0.01889844
-0.03246586, -0.00133935, -0.01868606
-0.03264449, -0.00144834, -0.01856268
-0.03283906, -0.00142179, -0.01843909
-0.03271952, -0.00147422, -0.01852850
-0.03270768, -0.00147406, -0.01852530
-0.03246255, -0.00147465, -0.01870138
-0.03285005, -0.00159966, -0.01872297
-0.03286992, -0.00159833, -0.01863053
-0.03293598, -0.00157732, -0.01873123
-0.03240528, -0.00162147, -0.01891432
-0.03268655, -0.00162284, -0.01883526
-0.03284848, -0.00162306, -0.01875595
-0.03272887, -0.00168594, -0.01861320
-0.03258859, -0.00168986, -0.01893354
-0.03285170, -0.00179077, -0.01859380
-0.03238081, -0.00176982, -0.01881885
-0.03279895, -0.00178954, -0.01854898
-0.03279122, -0.00181309, -0.01877350
-0.03292887, -0.00187305, -0.01879617
-0.03285104, -0.00190759, -0.01864942
-0.03290284, -0.00192550, -0.01858354
-0.03257333, -0.00195857, -0.01856725
-0.03268598, -0.00200919, -0.01834866
-0.03258352, -0.00204900, -0.01873013
-0.03250730, -0.00207667, -0.01839308
-0.03234453, -0.00210545, -0.01821065
-0.03248564, -0.00212505, -0.01832910
-0.03241052, -0.00205728, -0.01829127
-0.03236290, -0.00206030, -0.01850476
-0.03222701, -0.00214228, -0.01853731
-0.03230394, -0.00215958, -0.01856743
-0.03226311, -0.00222415, -0.01868464
-0.03270588, -0.00225732, -0.01857827
-0.03248209, -0.00231409, -0.01850054
-0.03262359, -0.00226905, -0.01841247
-0.03261570, -0.00231296, -0.01835512
-0.03257785, -0.00235861, -0.01848202
-0.03282712, -0.00240210, -0.01836965
-0.03321351, -0.00242504, -0.01868517
-0.03262317, -0.00240296, -0.01853750
-0.03298635, -0.00239990, -0.01814794
-0.03280675, -0.00245808, -0.01837846
-0.03326630, -0.00247372, -0.01823635
-0.03280742, -0.00245563, -0.01822899
-0.03316639, -0.00252912, -0.01835909
-0.03276315, -0.00256560, -0.01837999
-0.03283325, -0.00255492, -0.01849463
-0.03288329, -0.00258028, -0.01840710
-0.03280858, -0.00261009, -0.01867938
-0.03235715, -0.00260577, -0.01867360
-0.03273968, -0.00262404, -0.01878245
-0.03228670, -0.00265778, -0.01876500
-0.03230129, -0.00262130, -0.01886833
-0.03261518, -0.00268625, -0.01877683
-0.03255812, -0.00268276, -0.01859550
-0.03265812, -0.00269761, -0.01868290
-0.03247299, -0.00268404, -0.01872310
-0.03276091, -0.00279357, -0.01851812
-0.03256305, -0.00281697, -0.01860450
-0.03262085, -0.00281001, -0.01814492
-0.03272181, -0.00282651, -0.01837415
-0.03247520, -0.00286121, -0.01848523
-0.03211853, -0.00283587, -0.01856956
-0.03218633, -0.00283701, -0.01860146
-0.03236892, -0.00290678, -0.01851035
-0.03245290, -0.00293032, -0.01850986
-0.03258895, -0.00297506, -0.01841878
-0.03311798, -0.00296364, -0.01878589
-0.03268635, -0.00298872, -0.01919938
-0.03257687, -0.00298166, -0.01883058
-0.03224175, -0.00304728, -0.01899976
-0.03262325, -0.00304813, -0.01882944
-0.03264451, -0.00308989, -0.01873057
-0.03278025, -0.00307978, -0.01869082
-0.03223608, -0.00310544, -0.01860986
-0.03253227, -0.00315058, -0.01862149
-0.03240809, -0.00317708, -0.01840121
-0.03257713, -0.00320771, -0.01828866
-0.03248169, -0.00321582, -0.01821211
-0.03294008, -0.00323337, -0.01840437
-0.03299991, -0.00325344, -0.01835867
-0.03262190, -0.00323557, -0.01809696
-0.03250367, -0.00332507, -0.01813998
-0.03261894, -0.00336819, -0.01832170
-0.03277828, -0.00335765, -0.01818322
-0.03269920, -0.00336621, -0.01874978
-0.03305273, -0.00341771, -0.01874046
-0.03297665, -0.00338162, -0.01834849
-0.03250767, -0.00339830, -0.01845232
-0.03277143, -0.00346605, -0.01837171
-0.03243469, -0.00345497, -0.01846118
-0.03294034, -0.00347607, -0.01831457
-0.03235967, -0.00350175, -0.01849753
-0.03256054, -0.00349858, -0.01876051
-0.03281919, -0.00352917, -0.01877702
-0.03303387, -0.00355575, -0.01859012
-0.03305526, -0.00361979, -0.01860341
-0.03317800, -0.00364726, -0.01856918
-0.03256331, -0.00363295, -0.01859123
-0.03270853, -0.00373010, -0.01851412
-0.03249348, -0.00373682, -0.01851599
-0.03277146, -0.00377112, -0.01834405
-0.03249409, -0.00373447, -0.01837103
-0.03253327, -0.00377964, -0.01847506
-0.03217056, -0.00374304, -0.01855011
-0.03232175, -0.00385678, -0.01864866
-0.03194091, -0.00384542, -0.01868613
-0.03282884, -0.00391108, -0.01862455
-0.03238337, -0.00388709, -0.01842366
-0.03281129, -0.00390125, -0.01854001
-0.03266294, -0.00390171, -0.01865210
-0.03284574, -0.00396114, -0.01866195
-0.03263622, -0.00401314, -0.01849679
-0.03284902, -0.00405534, -0.01851336
-0.03260844, -0.00411230, -0.01875678
-0.03284232, -0.00413903, -0.01882387
-0.03316184, -0.00417379, -0.01840300
-0.03333145, -0.00422409, -0.01856892
-0.03313229, -0.00423098, -0.01863785
-0.03304796, -0.00426169, -0.01871066
-0.03261041, -0.00429747, -0.01885485
-0.03289040, -0.00437756, -0.01861678
-0.03260471, -0.00439896, -0.01874895
-0.03289906, -0.00443553, -0.01859985
-0.03278700, -0.00449251, -0.01864061
-0.03262738, -0.00445805, -0.01881119
-0.03247233, -0.00451645, -0.01854826
-0.03227395, -0.00450050, -0.01855214
-0.03247411, -0.00458142, -0.01865734
-0.03240059, -0.00457482, -0.01872274
-0.03232484, -0.00459961, -0.01857922
-0.03235109, -0.00462264, -0.01827912
-0.03300596, -0.00461504, -0.01829082
-0.03299734, -0.00462493, -0.01805872
-0.03292624, -0.00469006, -0.01872607
-0.03289263, -0.00470228, -0.01866242
-0.03269976, -0.00477713, -0.01841823
-0.03235889, -0.00480850, -0.01850051
-0.03232906, -0.00481821, -0.01870945
-0.03275647, -0.00483408, -0.01862871
-0.03286554, -0.00486469, -0.01883084
-0.03282858, -0.00493354, -0.01869532
-0.03264625, -0.00499804, -0.01883074
-0.03294556, -0.00502365, -0.01867451
-0.03276960, -0.00505295, -0.01902402
-0.03251674, -0.00507709, -0.01911451
-0.03274120, -0.00509332, -0.01883054
-0.03297313, -0.00514357, -0.01873752
-0.03262733, -0.00516420, -0.01869362
-0.03293787, -0.00519532, -0.01891959
-0.03273966, -0.00519921, -0.01889961
-0.03255602, -0.00526725, -0.01872542
-0.03223153, -0.00528675, -0.01863695
-0.03268826, -0.00536123, -0.01857400
-0.03288090, -0.00536003, -0.01875002
-0.03302129, -0.00539385, -0.01893650
-0.03309825, -0.00542893, -0.01889179
-0.03307609, -0.00546942, -0.01889590
-0.03288571, -0.00550451, -0.01868899
-0.03309626, -0.00554749, -0.01874954
-0.03275453, -0.00557760, -0.01870559
-0.03294151, -0.00561478, -0.01880256
-0.03256277, -0.00557709, -0.01878524
-0.03253628, -0.00559407, -0.01845683
-0.03232171, -0.00561336, -0.01838300
-0.03260904, -0.00563922, -0.01843338
-0.03236654, -0.00563294, -0.01818463
-0.03269776, -0.00565549, -0.01869495
-0.03262808, -0.00568025, -0.01854977
-0.03277729, -0.00571984, -0.01885642
-0.03284507, -0.00573372, -0.01865833
-0.03300276, -0.00576578, -0.01852015
-0.03269117, -0.00582101, -0.01842215
-0.03246368, -0.00583354, -0.01832734
-0.03188333, -0.00589796, -0.01833925
-0.03198712, -0.00590394, -0.01832106
-0.03228254, -0.00593603, -0.01849854
-0.03211074, -0.00593302, -0.01873961
-0.03258342, -0.00601749, -0.01849156
-0.03271982, -0.00598948, -0.01861948
-0.03253971, -0.00597417, -0.01842813
-0.03205916, -0.00597590, -0.01848570
-0.03247586, -0.00603068, -0.01840324
-0.03249050, -0.00608933, -0.01850028
-0.03268035, -0.00614024, -0.01868232
-0.03259767, -0.00613298, -0.01859837
-0.03284524, -0.00617051, -0.01856991
-0.03246685, -0.00618745, -0.01858032
-0.03239861, -0.00622495, -0.01844217
-0.03229619, -0.00624786, -0.01867536
-0.03247784, -0.00629245, -0.01854824
-0.03213269, -0.00628262, -0.01875609
-0.03231777, -0.00632531, -0.01883058
-0.03252012, -0.00631618, -0.01876071
-0.03251266, -0.00637650, -0.01883231
-0.03244435, -0.00637039, -0.01849586
-0.03272862, -0.00644798, -0.01860081
-0.03258044, -0.00641867, -0.01867809
-0.03247292, -0.00643589, -0.01860180
-0.03286116, -0.00637292, -0.01841424
-0.03212961, -0.00638522, -0.01838081
-0.03261274, -0.00640175, -0.01852047
-0.03264056, -0.00645026, -0.01849396
-0.03275972, -0.00641182, -0.01845572
-0.03268477, -0.00643817, -0.01862022
-0.03283573, -0.00647491, -0.01841103
-0.03241164, -0.00651074, -0.01878316
-0.03262208, -0.00650393, -0.01883306
-0.03249212, -0.00654122, -0.01854896
-0.03273565, -0.00657473, -0.01870995
-0.03270334, -0.00656781, -0.01888678
-0.03299922, -0.00659095, -0.01867873
-0.03249346, -0.00661065, -0.01901657
-0.03288321, -0.00666158, -0.01902074
-0.03274557, -0.00665945, -0.01897128
-0.03263295, -0.00668020, -0.01858617
-0.03283640, -0.00672209, -0.01846806
-0.03267774, -0.00678231, -0.01856522
-0.03273305, -0.00681591, -0.01862346
-0.03245011, -0.00683159, -0.01890683
-0.03262005, -0.00683355, -0.01892817
-0.03246102, -0.00689650, -0.01869926
-0.03256414, -0.00686395, -0.01858978
-0.03269710, -0.00685342, -0.01842620
-0.03321315, -0.00686866, -0.01823514
-0.03287612, -0.00688755, -0.01846842
-0.03304405, -0.00691199, -0.01848511
-0.03287835, -0.00694960, -0.01867640
-0.03271045, -0.00693413, -0.01837653
-0.03255166, -0.00699034, -0.01861962
-0.03276253, -0.00696862, -0.01880928
-0.03238565, -0.00700348, -0.01897623
-0.03264299, -0.00703214, -0.01867742
-0.03239784, -0.00706823, -0.01886394
-0.03271135, -0.00704857, -0.01883018
-0.03238551, -0.00711271, -0.01890406
-0.03269371, -0.00714803, -0.01874820
-0.03287067, -0.00720421, -0.01889464
-0.03287203, -0.00723133, -0.01870667
-0.03295918, -0.00725699, -0.01864885
-0.03293598, -0.00729154, -0.01842304
-0.03301070, -0.00734337, -0.01817429
-0.03282044, -0.00733453, -0.01851575
-0.03317777, -0.00733677, -0.01845036
-0.03308764, -0.00740071, -0.01853770
-0.03305648, -0.00741842, -0.01861087
-0.03297619, -0.00746690, -0.01855617
-0.03283190, -0.00746554, -0.01880878
-0.03264871, -0.00749307, -0.01856490
-0.03291896, -0.00751751, -0.01863836
-0.03280900, -0.00752858, -0.01862108
-0.03286556, -0.00755380, -0.01836908
-0.03263635, -0.00761742, -0.01838499
-0.03274939, -0.00760978, -0.01810392
-0.03279511, -0.00768445, -0.01842514
-0.03264179, -0.00769091, -0.01866035
-0.03259910, -0.00774198, -0.01885544
-0.03271898, -0.00776663, -0.01858091
-0.03273505, -0.00783001, -0.01879687
-0.03302543, -0.00783844, -0.01890089
-0.03244089, -0.00789607, -0.01890530
-0.03215046, -0.00791260, -0.01888576
-0.03235029, -0.00797325, -0.01889813
-0.03281679, -0.00804740, -0.01866656
-0.03256189, -0.00806386, -0.01887860
-0.03267027, -0.00810655, -0.01884766
-0.03257910, -0.00812228, -0.01869479
-0.03263628, -0.00819010, -0.01863001
-0.03225551, -0.00821402, -0.01869616
-0.03268309, -0.00826734, -0.01849623
-0.03270501, -0.00824574, -0.01853805
-0.03261464, -0.00831788, -0.01843156
-0.03239755, -0.00834023, -0.01856008
-0.03259083, -0.00837834, -0.01851718
-0.03260661, -0.00838633, -0.01854573
-0.03228689, -0.00838646, -0.01851028
-0.03239997, -0.00840327, -0.01834736
-0.03263022, -0.00846333, -0.01875069
-0.03312892, -0.00848454, -0.01864544
-0.03290781, -0.00850214, -0.01895456
-0.03284385, -0.00852848, -0.01882593
-0.03288691, -0.00859979, -0.01874582
-0.03281004, -0.00859746, -0.01864806
-0.03235050, -0.00860743, -0.01842152
-0.03281402, -0.00867158, -0.01836547
-0.03260878, -0.00871852, -0.01874505
-0.03297284, -0.00873719, -0.01859584
-0.03273919, -0.00871834, -0.01865907
-0.03294607, -0.00874211, -0.01848098
-0.03271107, -0.00876659, -0.01860124
-0.03285793, -0.00877849, -0.01859883
-0.03254414, -0.00880486, -0.01867275
-0.03288530, -0.00882637, -0.01872000
-0.03250131, -0.00886004, -0.01843767
-0.03290770, -0.00890657, -0.01829183
-0.03281176, -0.00891066, -0.01838410
-0.03290817, -0.00891843, -0.01817159
-0.03285973, -0.00897341, -0.01839573
-0.03266147, -0.00901692, -0.01844245
-0.03239133, -0.00902756, -0.01862063
-0.03216079, -0.00903858, -0.01880326
-0.03249612, -0.00906713, -0.01868771
-0.03206370, -0.00911246, -0.01859526
-0.03244704, -0.00916381, -0.01862771
-0.03235074, -0.00922003, -0.01863516
-0.03267167, -0.00925230, -0.01858713
-0.03239581, -0.00931353, -0.01822591
-0.03271409, -0.00931182, -0.01854774
-0.03234543, -0.00934303, -0.01844498
-0.03286617, -0.00938298, -0.01837935
-0.03254220, -0.00940369, -0.01862657
-0.03264420, -0.00941799, -0.01864174
-0.03269857, -0.00944490, -0.01885711
-0.03258347, -0.00947003, -0.01886664
-0.03252105, -0.00955414, -0.01889688
-0.03235351, -0.00955946, -0.01892572
-0.03247071, -0.00961109, -0.01828068
-0.03232079, -0.00960197, -0.01839598
-0.03254224, -0.00966054, -0.01833605
-0.03223979, -0.00964622, -0.01841171
-0.03254745, -0.00969646, -0.01839178
-0.03196570, -0.00967965, -0.01847177
-0.03252933, -0.00972461, -0.01857373
-0.03222522, -0.00974854, -0.01827638
-0.03239640, -0.00977719, -0.01877928
-0.03259082, -0.00981644, -0.01876197
-0.03248739, -0.00986847, -0.01856205
-0.03284520, -0.00988962, -0.01869802
-0.03267547, -0.00990016, -0.01867968
-0.03249377, -0.00991663, -0.01846225
-0.03210641, -0.00993854, -0.01850853
-0.03254756, -0.00998755, -0.01842399
-0.03229364, -0.00997212, -0.01856768
-0.03267133, -0.01004798, -0.01867096
-0.03257982, -0.01013876, -0.01905847
-0.03218060, -0.01013429, -0.01883116
-0.03209015, -0.01016224, -0.01873991
-0.03220210, -0.01018175, -0.01894765
-0.03224017, -0.01015016, -0.01865400
-0.03243575, -0.01016845, -0.01836377
-0.03277347, -0.01019290, -0.01837618
-0.03229807, -0.01019915, -0.01847624
-0.03277794, -0.01024200, -0.01861655
-0.03250223, -0.01024257, -0.01844251
-0.03272933, -0.01024087, -0.01857550
-0.03258684, -0.01027271, -0.01840632
-0.03301461, -0.01029211, -0.01825561
-0.03268038, -0.01030593, -0.01819547
-0.03278601, -0.01028272, -0.01817583
-0.03266789, -0.01033251, -0.01855363
-0.03289477, -0.01032508, -0.01869538
-0.03298112, -0.01037815, -0.01862441
-0.03308422, -0.01036732, -0.01862724
-0.03313151, -0.01040911, -0.01844625
-0.03240446, -0.01043452, -0.01843189
-0.03256306, -0.01052199, -0.01867487
-0.03259626, -0.01050870, -0.01855749
-0.03259850, -0.01057517, -0.01834831
-0.03265263, -0.01063775, -0.01825341
-0.03272688, -0.01070893, -0.01799773
-0.03287359, -0.01071510, -0.01863846
-0.03248775, -0.01078738, -0.01856785
-0.03278211, -0.01079364, -0.01843532
-0.03275189, -0.01090024, -0.01840168
-0.03275284, -0.01090844, -0.01855812
-0.03223698, -0.01089942, -0.01864673
-0.03262904, -0.01087905, -0.01855289
-0.03253728, -0.01093545, -0.01878814
-0.03246749, -0.01095972, -0.01877082
-0.03250949, -0.01098093, -0.01867562
-0.03246626, -0.01101577, -0.01878565
-0.03284337, -0.01106192, -0.01867251
-0.03288324, -0.01107259, -0.01862462
-0.03317273, -0.01114949, -0.01877022
-0.03294284, -0.01114185, -0.01860572
-0.03291601, -0.01112681, -0.01854412
-0.03292034, -0.01116362, -0.01860548
-0.03282965, -0.01120880, -0.01873805
-0.03293192, -0.01128779, -0.01867781
-0.03280104, -0.01130566, -0.01851952
-0.03278910, -0.01131559, -0.01880101
-0.03251557, -0.01136128, -0.01894413
-0.03285190, -0.01136885, -0.01839026
-0.03268327, -0.01134164, -0.01847171
-0.03267257, -0.01142334, -0.01870072
-0.03253342, -0.01145156, -0.01870577
-0.03261562, -0.01149782, -0.01871245
-0.03278880, -0.01152375, -0.01857173
-0.03247264, -0.01154421, -0.01870619
-0.03278300, -0.01156652, -0.01875608
-0.03271114, -0.01161289, -0.01888589
-0.03266274, -0.01161002, -0.01906046
-0.03234657, -0.01166211, -0.01889028
-0.03245607, -0.01165684, -0.01914740
-0.03250656, -0.01171075, -0.01872695
-0.03247667, -0.01172971, -0.01862568
-0.03264444, -0.01175805, -0.01882756
-0.03234905, -0.01177329, -0.01881803
-0.03270759, -0.01181188, -0.01858972
-0.03257477, -0.01180578, -0.01860962
-0.03249957, -0.01185328, -0.01886912
-0.03247871, -0.01186156, -0.01875616
-0.03236955, -0.01190489, -0.01879225
-0.03223766, -0.01192279, -0.01854774
-0.03199414, -0.01194450, -0.01844672
-0.03266165, -0.01197148, -0.01846477
-0.03293607, -0.01204075, -0.01849396
-0.03284803, -0.01206515, -0.01848450
-0.03254362, -0.01209021, -0.01848748
-0.03232523, -0.01209366, -0.01851423
-0.03243881, -0.01211932, -0.01831933
-0.03218872, -0.01216799, -0.01867093
-0.03292590, -0.01223156, -0.01876009
-0.03268941, -0.01222623, -0.01857196
-0.03276588, -0.01226257, -0.01861216
-0.03264618, -0.01226655, -0.01877219
-0.03286451, -0.01228802, -0.01889115
-0.03257678, -0.01230074, -0.01877205
-0.03251316, -0.01230926, -0.01887416
-0.03272945, -0.01231575, -0.01884147
-0.03239601, -0.01238522, -0.01889395
-0.03270977, -0.01235528, -0.01899531
-0.03233437, -0.01237094, -0.01896312
-0.03231139, -0.01243858, -0.01874154
-0.03249184, -0.01251763, -0.01882867
-0.03243116, -0.01254600, -0.01880977
-0.03243103, -0.01256699, -0.01890329
-0.03244670, -0.01259801, -0.01871137
-0.03267910, -0.01261174, -0.01882286
-0.03236418, -0.01266011, -0.01871088
-0.03277663, -0.01264040, -0.01859641
-0.03252427, -0.01265378, -0.01837767
-0.03279759, -0.01269715, -0.01837046
-0.03278525, -0.01271445, -0.01855229
-0.03304981, -0.01273805, -0.01866749
-0.03307848, -0.01280768, -0.01852350
-0.03287968, -0.01279158, -0.01852818
-0.03309001, -0.01286052, -0.01868890
-0.03273968, -0.01289562, -0.01886167
-0.03304974, -0.01290053, -0.01883618
-0.03258492, -0.01286441, -0.01863830
-0.03251719, -0.01292014, -0.01846462
-0.03284519, -0.01296279, -0.01857644
-0.03289696, -0.01295840, -0.01856666
-0.03302194, -0.01294039, -0.01854711
-0.03307522, -0.01297048, -0.01848420
-0.03308355, -0.01297074, -0.01892070
-0.03256031, -0.01295692, -0.01881329
-0.03266202, -0.01296884, -0.01905073
-0.03245496, -0.01302147, -0.01879724
-0.03258207, -0.01298630, -0.01872629
-0.03250933, -0.01304507, -0.01848976
-0.03214305, -0.01302646, -0.01841892
-0.03250203, -0.01307944, -0.01845255
-0.03270490, -0.01315171, -0.01862970
-0.03254864, -0.01319928, -0.01851250
-0.03251466, -0.01322152, -0.01876222
-0.03254817, -0.01325664, -0.01863534
-0.03255336, -0.01326491, -0.01857497
-0.03253632, -0.01329040, -0.01873896
-0.03254554, -0.01325933, -0.01837894
-0.03231806, -0.01329646, -0.01839104
-0.03271684, -0.01328736, -0.01844939
-0.03244019, -0.01334699, -0.01861242
-0.03275284, -0.01337561, -0.01864630
-0.03280665, -0.01339827, -0.01860761
-0.03293246, -0.01339101, -0.01851006
-0.03243335, -0.01339964, -0.01834852
-0.03237911, -0.01339082, -0.01839713
-0.03196971, -0.01344449, -0.01843895
-0.03191811, -0.01342814, -0.01872348
-0.03248030, -0.01343958, -0.01882009
-0.03226383, -0.01348382, -0.01874077
-0.03236413, -0.01354505, -0.01856216
-0.03262295, -0.01354968, -0.01855879
-0.03305007, -0.01355507, -0.01850659
-0.03312637, -0.01356323, -0.01841340
-0.03310329, -0.01360984, -0.01879909
-0.03294013, -0.01361493, -0.01865852
-0.03256768, -0.01361869, -0.01896635
-0.03274603, -0.01366545, -0.01885064
-0.03250850, -0.01369181, -0.01869170
-0.03278464, -0.01372518, -0.01880403
-0.03230098, -0.01373406, -0.01867664
-0.03267783, -0.01377242, -0.01863559
-0.03285569, -0.01384253, -0.01863482
-0.03284239, -0.01386907, -0.01865028
-0.03316004, -0.01391534, -0.01887654
-0.03291533, -0.01390446, -0.01849220
-0.03332757, -0.01394284, -0.01872299
-0.03318485, -0.01397229, -0.01873606
-0.03330676, -0.01399785, -0.01863078
-0.03288897, -0.01400041, -0.01849718
-0.03271554, -0.01401144, -0.01847270
-0.03244807, -0.01404701, -0.01827684
-0.03228197, -0.01406547, -0.01817429
-0.03252982, -0.01406010, -0.01797066
-0.03240774, -0.01408326, -0.01839857
-0.03234643, -0.01411365, -0.01857533
-0.03248731, -0.01416876, -0.01870303
-0.03274087, -0.01420109, -0.01869445
-0.03249223, -0.01421365, -0.01868809
-0.03215912, -0.01425927, -0.01879340
-0.03226967, -0.01427713, -0.01838200
-0.03217221, -0.01429724, -0.01849574
-0.03277978, -0.01430317, -0.01851049
-0.03222821, -0.01431062, -0.01876387
-0.03277091, -0.01433070, -0.01863691
-0.03262100, -0.01433835, -0.01828219
-0.03258616, -0.01434223, -0.01840914
-0.03237966, -0.01439201, -0.01846089
-0.03267708, -0.01445083, -0.01865930
-0.03237840, -0.01441791, -0.01888468
-0.03219404, -0.01445374, -0.01886044
-0.03225227, -0.01448045, -0.01878607
-0.03229773, -0.01451174, -0.01874601
-0.03268742, -0.01453589, -0.01858670
-0.03282950, -0.01449095, -0.01858009
-0.03282236, -0.01449129, -0.01847687
-0.03268522, -0.01444877, -0.01840031
-0.03254394, -0.01447853, -0.01837041
-0.03212938, -0.01449976, -0.01849280
-0.03254582, -0.01454846, -0.01841248
-0.03253604, -0.01457778, -0.01842166
-0.03257414, -0.01462194, -0.01829563
-0.03264517, -0.01463149, -0.01833032
-0.03282946, -0.01470742, -0.01830205
-0.03266290, -0.01474383, -0.01859933
-0.03264769, -0.01476066, -0.01862762
-0.03280462, -0.01478746, -0.01853895
-0.03238799, -0.01480233, -0.01893447
-0.03244592, -0.01482043, -0.01887614
-0.03203579, -0.01487151, -0.01898096
-0.03241858, -0.01484312, -0.01877276
-0.03257548, -0.01487326, -0.01877113
-0.03248378, -0.01490117, -0.01878075
-0.03293758, -0.01496313, -0.01832278
-0.03256468, -0.01491189, -0.01839046
-0.03265189, -0.01493853, -0.01859782
-0.03256441, -0.01489119, -0.01862295
-0.03253481, -0.01494640, -0.01877338
-0.03226940, -0.01495747, -0.01873277
-0.03248254, -0.01497251, -0.01840927
-0.03254954, -0.01496073, -0.01839617
-0.03236175, -0.01502932, -0.01860481
-0.03258225, -0.01499792, -0.01854032
-0.03281941, -0.01502395, -0.01863156
-0.03291288, -0.01504576, -0.01879562
-0.03249966, -0.01510641, -0.01879455
-0.03291368, -0.01518155, -0.01896793
-0.03279578, -0.01520923, -0.01877188
-0.03262477, -0.01521196, -0.01867095
-0.03240081, -0.01527407, -0.01869367
-0.03211509, -0.01526014, -0.01861559
-0.03245347, -0.01529802, -0.01866769
-0.03243411, -0.01528032, -0.01869175
-0.03251254, -0.01530456, -0.01866872
-0.03256739, -0.01531218, -0.01849561
-0.03245214, -0.01536531, -0.01841593
-0.03282449, -0.01534915, -0.01830606
-0.03268359, -0.01540562, -0.01857258
-0.03263586, -0.01542834, -0.01842150
-0.03245857, -0.01548882, -0.01873379
-0.03238081, -0.01548015, -0.01848794
-0.03229484, -0.01552002, -0.01857684
-0.03236894, -0.01548996, -0.01861473
-0.03264464, -0.01551622, -0.01838325
-0.03235932, -0.01552378, -0.01840928
-0.03263047, -0.01555355, -0.01851982
-0.03215509, -0.01554496, -0.01838491
-0.03244101, -0.01564751, -0.01877371
-0.03273263, -0.01566428, -0.01856165
-0.03262972, -0.01570833, -0.01858864
-0.03265137, -0.01575135, -0.01860675
-0.03284581, -0.01577901, -0.01841897
-0.03323084, -0.01584241, -0.01866074
-0.03286521, -0.01579662, -0.01865802
-0.03271873, -0.01576628, -0.01842016
-0.03237420, -0.01579999, -0.01855905
-0.03224718, -0.01580452, -0.01831915
-0.03251887, -0.01583862, -0.01837099
-0.03197972, -0.01587010, -0.01849591
-0.03230654, -0.01590084, -0.01843395
-0.03223186, -0.01588430, -0.01839967
-0.03259404, -0.01587636, -0.01840976
-0.03258703, -0.01592006, -0.01851421
-0.03268377, -0.01594226, -0.01864917
-0.03251263, -0.01594022, -0.01850652
-0.03240667, -0.01593562, -0.01887091
-0.03265574, -0.01595212, -0.01868546
-0.03265934, -0.01598750, -0.01863601
-0.03282539, -0.01601989, -0.01854721
-0.03266232, -0.01603078, -0.01872657
-0.03248386, -0.01606608, -0.01878854
-0.03249512, -0.01607776, -0.01868626
-0.03280729, -0.01614433, -0.01831247
-0.03291219, -0.01614716, -0.01865192
-0.03275304, -0.01616884, -0.01857544
-0.03324660, -0.01620612, -0.01884272
-0.03286816, -0.01623995, -0.01872781
-0.03307903, -0.01629906, -0.01856755
-0.03310105, -0.01628156, -0.01862455
-0.03302582, -0.01626799, -0.01852411
-0.03314659, -0.01629916, -0.01853532
-0.03305946, -0.01630691, -0.01860236
-0.03292240, -0.01629104, -0.01862266
-0.03278561, -0.01630975, -0.01870535
-0.03268480, -0.01636702, -0.01840107
-0.03209404, -0.01633810, -0.01856213
-0.03193804, -0.01632799, -0.01860310
-0.03230154, -0.01632184, -0.01858605
-0.03246833, -0.01640414, -0.01864182
-0.03274807, -0.01642046, -0.01857296
-0.03268923, -0.01644307, -0.01840778
-0.03241691, -0.01643325, -0.01864176
-0.03234923, -0.01649568, -0.01866337
-0.03261780, -0.01649851, -0.01890526
-0.03280714, -0.01652348, -0.01863556
-0.03307284, -0.01652269, -0.01865864
-0.03282176, -0.01656696, -0.01848115
-0.03238463, -0.01654350, -0.01841819
-0.03258511, -0.01660541, -0.01850470
-0.03269103, -0.01656944, -0.01837215
-0.03306555, -0.01662151, -0.01854176
-0.03280049, -0.01664869, -0.01868082
-0.03270658, -0.01667523, -0.01868588
-0.03257797, -0.01667551, -0.01877792
-0.03247146, -0.01671626, -0.01866196
-0.03265391, -0.01675422, -0.01854771
-0.03263031, -0.01675810, -0.01846688
-0.03266606, -0.01679047, -0.01821299
-0.03220538, -0.01680420, -0.01843142
-0.03271780, -0.01683072, -0.01832606
-0.03259581, -0.01685599, -0.01872784
-0.03273902, -0.01683638, -0.01876772
-0.03274953, -0.01685333, -0.01858645
-0.03289698, -0.01690697, -0.01848292
-0.03282491, -0.01694496, -0.01843516
-0.03274649, -0.01691811, -0.01848240
-0.03269899, -0.01694607, -0.01835636
-0.03299035, -0.01697945, -0.01837098
-0.03277241, -0.01703300, -0.01871093
-0.03291874, -0.01704394, -0.01853445
-0.03296246, -0.01711612, -0.01836098
-0.03263303, -0.01715370, -0.01824764
-0.03244874, -0.01721245, -0.01816599
-0.03260267, -0.01721047, -0.01849633
-0.03236103, -0.01726009, -0.01865568
-0.03278910, -0.01723883, -0.01882794
-0.03209724, -0.01724074, -0.01881035
-0.03250686, -0.01725769, -0.01885497
-0.03223846, -0.01728099, -0.01904139
-0.03263531, -0.01729280, -0.01877837
-0.03275827, -0.01736133, -0.01882621
-0.03284460, -0.01737854, -0.01865437
-0.03263244, -0.01740597, -0.01874682
-0.03259691, -0.01741816, -0.01876728
-0.03267441, -0.01746408, -0.01865758
-0.03254877, -0.01748727, -0.01855570
-0.03293022, -0.01754660, -0.01867920
-0.03270591, -0.01754502, -0.01871257
-0.03290734, -0.01761909, -0.01858841
-0.03277365, -0.01762044, -0.01832874
-0.03284383, -0.01758700, -0.01824682
-0.03269052, -0.01755901, -0.01820512
-0.03265418, -0.01756781, -0.01813098
-0.03264909, -0.01761251, -0.01833635
-0.03264134, -0.01761836, -0.01859230
-0.03278101, -0.01764064, -0.01892414
-0.03260073, -0.01764620, -0.01905399
-0.03257396, -0.01771159, -0.01887040
-0.03231971, -0.01774899, -0.01900538
-0.03246066, -0.01774085, -0.01894702
-0.03253243, -0.01773628, -0.01872979
-0.03265620, -0.01778220, -0.01854207
-0.03260574, -0.01783879, -0.01838740
-0.03256804, -0.01780828, -0.01852025
-0.03287949, -0.01778291, -0.01856068
-0.03260403, -0.01782726, -0.01851487
-0.03278849, -0.01786451, -0.01850471
-0.03277669, -0.01794781, -0.01842717
-0.03270150, -0.01798000, -0.01857958
-0.03241498, -0.01801165, -0.01851672
-0.03211534, -0.01798137, -0.01848495
-0.03237739, -0.01801524, -0.01844871
-0.03212485, -0.01799511, -0.01828668
-0.03226968, -0.01805194, -0.01849357
-0.03191179, -0.01806304, -0.01866249
-0.03262169, -0.01811462, -0.01884165
-0.03246561, -0.01808612, -0.01852141
-0.03223275, -0.01809824, -0.01837055
-0.03264517, -0.01811756, -0.01849710
-0.03225510, -0.01815272, -0.01862336
-0.03260406, -0.01813729, -0.01850032
-0.03243067, -0.01820108, -0.01852145
-0.03289426, -0.01821241, -0.01843932
-0.03251779, -0.01825796, -0.01900006
-0.03251029, -0.01823803, -0.01910676
-0.03270005, -0.01824881, -0.01884188
-0.03264303, -0.01827243, -0.01899870
-0.03298588, -0.01830731, -0.01890212
-0.03296569, -0.01831487, -0.01897036
-0.03312072, -0.01835056, -0.01844137
-0.03293150, -0.01838685, -0.01854717
-0.03289081, -0.01841766, -0.01883897
-0.03286883, -0.01836873, -0.01858438
-0.03300839, -0.01844186, -0.01874226
-0.03295786, -0.01843715, -0.01878501
-0.03267961, -0.01851897, -0.01873302
-0.03285511, -0.01851879, -0.01872046
-0.03279634, -0.01855463, -0.01874547
-0.03287300, -0.01853288, -0.01857218
-0.03279121, -0.01855841, -0.01877986
-0.03279380, -0.01855342, -0.01857415
-0.03276640, -0.01859339, -0.01844061
-0.03248565, -0.01856734, -0.01840539
-0.03220902, -0.01858954, -0.01842509
-0.03232407, -0.01860170, -0.01820441
-0.03280810, -0.01865081, -0.01834682
-0.03289672, -0.01864223, -0.01846564
-0.03271689, -0.01866308, -0.01874913
-0.03277013, -0.01865589, -0.01867664
-0.03225180, -0.01865707, -0.01875192
-0.03270208, -0.01867239, -0.01843515
-0.03254849, -0.01872320, -0.01865715
-0.03261540, -0.01872669, -0.01833776
-0.03265403, -0.01876211, -0.01840547
-0.03241895, -0.01875974, -0.01809759
-0.03274941, -0.01878224, -0.01810389
-0.03268487, -0.01876024, -0.01827410
-0.03273576, -0.01877266, -0.01831350
-0.03232334, -0.01882024, -0.01830374
-0.03245225, -0.01883927, -0.01841087
-0.03258705, -0.01876642, -0.01841080
-0.03270200, -0.01878049, -0.01841588
-0.03268881, -0.01876854, -0.01867869
-0.03237183, -0.01877829, -0.01866890
-0.03245072, -0.01879863, -0.01838763
-0.03259152, -0.01879637, -0.01846435
-0.03251686, -0.01876538, -0.01848618
-0.03265814, -0.01875017, -0.01846290
-0.03260655, -0.01875099, -0.01854262
-0.03297049, -0.01880530, -0.01878823
-0.03255309, -0.01878203, -0.01869386
-0.03288440, -0.01882884, -0.01899515
-0.03327230, -0.01886114, -0.01887484
-0.03264940, -0.01884903, -0.01879517
-0.03249007, -0.01882847, -0.01851553
-0.03273363, -0.01885915, -0.01867681
-0.03271311, -0.01886616, -0.01882237
-0.03266310, -0.01893424, -0.01879834
-0.03282926, -0.01891150, -0.01858534
-0.03270763, -0.01897329, -0.01881289
-0.03248907, -0.01896558, -0.01846892
-0.03265554, -0.01899832, -0.01861865
-0.03233919, -0.01899076, -0.01853332
-0.03245121, -0.01905782, -0.01818783
-0.03273004, -0.01906993, -0.01847767
-0.03240244, -0.01907644, -0.01838360
-0.03290083, -0.01904489, -0.01850026
-0.03269229, -0.01906139, -0.01865662
-0.03270396, -0.01909388, -0.01869367
-0.03230389, -0.01910148, -0.01841918
-0.03242933, -0.01908468, -0.01819243
-0.03212736, -0.01912369, -0.01842526
-0.03225829, -0.01913222, -0.01799726
-0.03225273, -0.01916314, -0.01863866
-0.03247719, -0.01917668, -0.01846721
-0.03294054, -0.01925487, -0.01826203
-0.03251602, -0.01929497, -0.01845699
-0.03255213, -0.01928173, -0.01829895
-0.03230596, -0.01931297, -0.01833439
-0.03250815, -0.01938809, -0.01841103
-0.03260533, -0.01938525, -0.01827753
-0.03247337, -0.01936972, -0.01864583
-0.03298442, -0.01940056, -0.01851740
-0.03243611, -0.01948546, -0.01859551
-0.03264100, -0.01946026, -0.01902727
-0.03267955, -0.01947140, -0.01882998
-0.03266962, -0.01943798, -0.01850713
-0.03242067, -0.01947975, -0.01834979
-0.03254587, -0.01952321, -0.01827747
-0.03266635, -0.01956709, -0.01824029
-0.03250268, -0.01961441, -0.01829724
-0.03271908, -0.01962460, -0.01832539
-0.03217239, -0.01961238, -0.01864797
-0.03199923, -0.01963766, -0.01859570
-0.03235547, -0.01965969, -0.01851133
-0.03203829, -0.01969227, -0.01823632
-0.03187021, -0.01969505, -0.01831488
-0.03178465, -0.01971120, -0.01822240
-0.03208936, -0.01975709, -0.01842028
-0.03231002, -0.01979827, -0.01847308
-0.03226561, -0.01977251, -0.01841991
-0.03262322, -0.01981495, -0.01847135
-0.03244739, -0.01981676, -0.01802835
-0.03286792, -0.01983881, -0.01802064
-0.03270063, -0.01983128, -0.01821316
-0.03256375, -0.01986754, -0.01836289
-0.03285726, -0.01986614, -0.01820463
-0.03273858, -0.01988324, -0.01838484
-0.03290179, -0.01986920, -0.01854847
-0.03242062, -0.01987791, -0.01880098
-0.03215547, -0.01988226, -0.01847325
-0.03260112, -0.01992424, -0.01836639
-0.03255382, -0.01996508, -0.01829267
-0.03271646, -0.01999501, -0.01817815
-0.03302961, -0.01999386, -0.01848188
-0.03326584, -0.02003208, -0.01846307
-0.03256536, -0.02002705, -0.01846530
-0.03264013, -0.02003862, -0.01839125
-0.03253575, -0.02002659, -0.01836219
-0.03236390, -0.02006358, -0.01869224
-0.03247288, -0.02007189, -0.01830615
-0.03230749, -0.02010345, -0.01848882
-0.03222807, -0.02011389, -0.01852902
-0.03183502, -0.02012233, -0.01844242
-0.03244070, -0.02012369, -0.01845386
-0.03242953, -0.02018263, -0.01848317
-0.03273381, -0.02015384, -0.01856601
-0.03308894, -0.02014205, -0.01864926
-0.03226444, -0.02010398, -0.01863919
-0.03250919, -0.02017925, -0.01868893
-0.03263664, -0.02016778, -0.01873952
-0.03265877, -0.02017410, -0.01856326
-0.03251787, -0.02018289, -0.01872325
-0.03241395, -0.02022991, -0.01854427
-0.03235923, -0.02022780, -0.01844664
-0.03243814, -0.02027892, -0.01860318
-0.03258512, -0.02033520, -0.01831517
-0.03239220, -0.02032158, -0.01859508
-0.03226379, -0.02033596, -0.01827195
-0.03276188, -0.02038739, -0.01867676
-0.03266643, -0.02039656, -0.01856747
-0.03304517, -0.02038107, -0.01858126
-0.03253042, -0.02038974, -0.01831963
-0.03287704, -0.02043975, -0.01828014
-0.03281908, -0.02042973, -0.01833366
-0.03256940, -0.02042111, -0.01876421
-0.03281156, -0.02045550, -0.01855400
-0.03283180, -0.02046902, -0.01855516
-0.03281348, -0.02043090, -0.01849747
-0.03199017, -0.02041082, -0.01819158
-0.03216141, -0.02042136, -0.01828763
-0.03225749, -0.02043128, -0.01829612
-0.03213434, -0.02043862, -0.01818002
-0.03274492, -0.02046392, -0.01829548
-0.03260297, -0.02045872, -0.01823930
-0.03287390, -0.02052925, -0.01842388
-0.03257478, -0.02051575, -0.01822099
-0.03223856, -0.02050916, -0.01855260
-0.03270896, -0.02057223, -0.01817689
-0.03232297, -0.02059691, -0.01801703
-0.03247747, -0.02061984, -0.01834520
-0.03270179, -0.02063310, -0.01848898
-0.03257895, -0.02064686, -0.01841542
-0.03265756, -0.02063811, -0.01873011
-0.03243664, -0.02067689, -0.01845292
-0.03300567, -0.02070647, -0.01850368
-0.03293873, -0.02074674, -0.01841649
-0.03282608, -0.02076654, -0.01817897
-0.03314327, -0.02077797, -0.01807707
-0.03270536, -0.02078137, -0.01808635
-0.03247274, -0.02077231, -0.01828684
-0.03259936, -0.02078830, -0.01847959
-0.03276900, -0.02080120, -0.01837118
-0.03288949, -0.02074187, -0.01850270
-0.03247604, -0.02072149, -0.01811877
-0.03288183, -0.02072254, -0.01848569
-0.03270711, -0.02073514, -0.01864183
-0.03257965, -0.02073436, -0.01857864
-0.03277642, -0.02074686, -0.01851643
-0.03259503, -0.02077292, -0.01843229
-0.03234825, -0.02078609, -0.01857859
-0.03232612, -0.02078461, -0.01867945
-0.03270028, -0.02084482, -0.01876537
-0.03247929, -0.02079390, -0.01871376
-0.03249488, -0.02079535, -0.01852643
-0.03292964, -0.02083986, -0.01833382
-0.03271392, -0.02086914, -0.01847234
-0.03266219, -0.02089532, -0.01815601
-0.03240230, -0.02089442, -0.01833676
-0.03229690, -0.02090242, -0.01844437
-0.03203187, -0.02089825, -0.01842970
-0.03215303, -0.02092875, -0.01854676
-0.03261689, -0.02092871, -0.01810105
-0.03238310, -0.02091885, -0.01833816
-0.03255801, -0.02093953, -0.01826565
-0.03267919, -0.02097172, -0.01804790
-0.03276930, -0.02098296, -0.01806785
-0.03286498, -0.02097491, -0.01805079
-0.03240903, -0.02103428, -0.01806427
-0.03257411, -0.02105965, -0.01811714
-0.03249330, -0.02105795, -0.01823393
-0.03276555, -0.02107489, -0.01823725
-0.03237423, -0.02109817, -0.01830501
-0.03238565, -0.02113830, -0.01821288
-0.03237820, -0.02117476, -0.01835005
-0.03233217, -0.02116920, -0.01829791
-0.03242150, -0.02118891, -0.01831744
-0.03217109, -0.02120535, -0.01859575
-0.03238184, -0.02119573, -0.01867070
-0.03232561, -0.02118736, -0.01827688
-0.03239582, -0.02117918, -0.01834820
-0.03258847, -0.02124652, -0.01860647
-0.03233109, -0.02124342, -0.01847819
-0.03279517, -0.02123483, -0.01855566
-0.03277375, -0.02125787, -0.01867030
-0.03315622, -0.02130681, -0.01848909
-0.03294620, -0.02131960, -0.01860939
-0.03296043, -0.02135140, -0.01846666
-0.03291126, -0.02134674, -0.01855577
-0.03272899, -0.02135696, -0.01867856
-0.03259904, -0.02137467, -0.01828059
-0.03297097, -0.02138299, -0.01848820
-0.03265115, -0.02140114, -0.01839926
-0.03268185, -0.02142437, -0.01824848
-0.03251449, -0.02149514, -0.01853545
-0.03272495, -0.02150108, -0.01851891
-0.03264080, -0.02153261, -0.01843378
-0.03257997, -0.02152768, -0.01851054
-0.03267642, -0.02158105, -0.01837380
-0.03285088, -0.02157646, -0.01867526
-0.03292646, -0.02159222, -0.01848366
-0.03278914, -0.02161102, -0.01868319
-0.03295811, -0.02165275, -0.01882580
-0.03269229, -0.02164914, -0.01850737
-0.03255932, -0.02167049, -0.01835289
-0.03288602, -0.02169053, -0.01845239
-0.03255021, -0.02170212, -0.01858691
-0.03260124, -0.02173471, -0.01867691
-0.03248965, -0.02171032, -0.01844204
-0.03262569, -0.02167120, -0.01861334
-0.03262322, -0.02171156, -0.01818664
-0.03241726, -0.02172160, -0.01832168
-0.03258899, -0.02173696, -0.01848174
-0.03262446, -0.02175864, -0.01834279
-0.03293733, -0.02175591, -0.01842063
-0.03280441, -0.02174841, -0.01795758
-0.03228842, -0.02174934, -0.01804918
-0.03242302, -0.02173565, -0.01841218
-0.03225128, -0.02171879, -0.01841588
-0.03292395, -0.02175893, -0.01852680
-0.03294987, -0.02178170, -0.01854509
-0.03308221, -0.02179620, -0.01834045
-0.03295141, -0.02178956, -0.01834834
-0.03279249, -0.02177012, -0.01818548
-0.03289771, -0.02182736, -0.01856854
-0.03255563, -0.02176375, -0.01852436
-0.03233533, -0.02177098, -0.01832815
-0.03215751, -0.02175819, -0.01832707
-0.03283103, -0.02175014, -0.01821592
-0.03295856, -0.02178945, -0.01825400
-0.03282598, -0.02185463, -0.01833268
-0.03293317, -0.02186452, -0.01811799
-0.03263391, -0.02192695, -0.01838933
-0.03242319, -0.02193518, -0.01859238
-0.03215010, -0.02192871, -0.01869275
-0.03261366, -0.02193488, -0.01846402
-0.03230866, -0.02195520, -0.01819574
-0.03232911, -0.02195814, -0.01819547
-0.03222150, -0.02198455, -0.01835944
-0.03210337, -0.02198938, -0.01838612
-0.03230754, -0.02199830, -0.01822558
-0.03193702, -0.02199663, -0.01825047
-0.03222173, -0.02200932, -0.01819260
-0.03205036, -0.02201781, -0.01822163
-0.03280296, -0.02205783, -0.01822885
-0.03283473, -0.02209149, -0.01859010
-0.03255794, -0.02212848, -0.01858780
-0.03293261, -0.02217494, -0.01854199
-0.03233144, -0.02219112, -0.01821098
-0.03260085, -0.02216743, -0.01827573
-0.03251738, -0.02218332, -0.01846105
-0.03245697, -0.02218356, -0.01834411
-0.03279120, -0.02220200, -0.01852890
